survey_year,geo,metric,value_pct,published_date,source_url,table
2020,Canada,fixed_sample_2br_rent_change,3.5,2021-01-28,https://assets.cmhc-schl.gc.ca/sites/cmhc/professional/housing-markets-data-and-research/housing-data-tables/rental-market/rental-market-report-data-tables/2021/rmr-canada-2021-en.xlsx,Table 1.0
2021,Canada,fixed_sample_2br_rent_change,3.0,2022-02-02,https://assets.cmhc-schl.gc.ca/sites/cmhc/professional/housing-markets-data-and-research/housing-data-tables/rental-market/rental-market-report-data-tables/2021/rmr-canada-2021-en.xlsx,Table 1.0
2022,Canada,fixed_sample_2br_rent_change,5.6,2023-01-26,https://assets.cmhc-schl.gc.ca/sites/cmhc/professional/housing-markets-data-and-research/housing-data-tables/rental-market/rental-market-report-data-tables/2022/rmr-canada-2022-en.xlsx,Table 1.0
2023,Canada,fixed_sample_2br_rent_change,8.0,2024-01-31,https://assets.cmhc-schl.gc.ca/sites/cmhc/professional/housing-markets-data-and-research/housing-data-tables/rental-market/rental-market-report-data-tables/2023/rmr-canada-2023-en.xlsx,Table 1.0
2024,Canada,fixed_sample_2br_rent_change,5.4,2024-12-17,https://assets.cmhc-schl.gc.ca/sites/cmhc/professional/housing-markets-data-and-research/housing-data-tables/rental-market/rental-market-report-data-tables/2024/rmr-canada-2024-en.xlsx,Table 1.0
2025,Canada,fixed_sample_2br_rent_change,5.1,2025-12-11,https://assets.cmhc-schl.gc.ca/sites/cmhc/professional/housing-markets-data-and-research/housing-data-tables/rental-market/rental-market-report-data-tables/2025/rmr-canada-2025-en.xlsx,Table 1.0
2020,Montreal,fixed_sample_2br_rent_change,3.6,2021-01-28,https://assets.cmhc-schl.gc.ca/sites/cmhc/professional/housing-markets-data-and-research/housing-data-tables/rental-market/rental-market-report-data-tables/2021/rmr-canada-2021-en.xlsx,Table 1.0
2021,Montreal,fixed_sample_2br_rent_change,3.9,2022-02-02,https://assets.cmhc-schl.gc.ca/sites/cmhc/professional/housing-markets-data-and-research/housing-data-tables/rental-market/rental-market-report-data-tables/2021/rmr-canada-2021-en.xlsx,Table 1.0
2022,Montreal,fixed_sample_2br_rent_change,5.4,2023-01-26,https://assets.cmhc-schl.gc.ca/sites/cmhc/professional/housing-markets-data-and-research/housing-data-tables/rental-market/rental-market-report-data-tables/2022/rmr-canada-2022-en.xlsx,Table 1.0
2023,Montreal,fixed_sample_2br_rent_change,7.9,2024-01-31,https://assets.cmhc-schl.gc.ca/sites/cmhc/professional/housing-markets-data-and-research/housing-data-tables/rental-market/rental-market-report-data-tables/2023/rmr-canada-2023-en.xlsx,Table 1.0
2024,Montreal,fixed_sample_2br_rent_change,6.3,2024-12-17,https://assets.cmhc-schl.gc.ca/sites/cmhc/professional/housing-markets-data-and-research/housing-data-tables/rental-market/rental-market-report-data-tables/2024/rmr-canada-2024-en.xlsx,Table 1.0
2025,Montreal,fixed_sample_2br_rent_change,7.2,2025-12-11,https://assets.cmhc-schl.gc.ca/sites/cmhc/professional/housing-markets-data-and-research/housing-data-tables/rental-market/rental-market-report-data-tables/2025/rmr-canada-2025-en.xlsx,Table 1.0
2020,Ottawa,fixed_sample_2br_rent_change,5.2,2021-01-28,https://assets.cmhc-schl.gc.ca/sites/cmhc/professional/housing-markets-data-and-research/housing-data-tables/rental-market/rental-market-report-data-tables/2021/rmr-canada-2021-en.xlsx,Table 1.0
2021,Ottawa,fixed_sample_2br_rent_change,1.3,2022-02-02,https://assets.cmhc-schl.gc.ca/sites/cmhc/professional/housing-markets-data-and-research/housing-data-tables/rental-market/rental-market-report-data-tables/2021/rmr-canada-2021-en.xlsx,Table 1.0
2022,Ottawa,fixed_sample_2br_rent_change,4.8,2023-01-26,https://assets.cmhc-schl.gc.ca/sites/cmhc/professional/housing-markets-data-and-research/housing-data-tables/rental-market/rental-market-report-data-tables/2022/rmr-canada-2022-en.xlsx,Table 1.0
2023,Ottawa,fixed_sample_2br_rent_change,4.0,2024-01-31,https://assets.cmhc-schl.gc.ca/sites/cmhc/professional/housing-markets-data-and-research/housing-data-tables/rental-market/rental-market-report-data-tables/2023/rmr-canada-2023-en.xlsx,Table 1.0
2024,Ottawa,fixed_sample_2br_rent_change,5.0,2024-12-17,https://assets.cmhc-schl.gc.ca/sites/cmhc/professional/housing-markets-data-and-research/housing-data-tables/rental-market/rental-market-report-data-tables/2024/rmr-canada-2024-en.xlsx,Table 1.0
2025,Ottawa,fixed_sample_2br_rent_change,3.4,2025-12-11,https://assets.cmhc-schl.gc.ca/sites/cmhc/professional/housing-markets-data-and-research/housing-data-tables/rental-market/rental-market-report-data-tables/2025/rmr-canada-2025-en.xlsx,Table 1.0
2024,Canada,turnover_premium_2br,19.9,2024-12-17,https://assets.cmhc-schl.gc.ca/sites/cmhc/professional/housing-markets-data-and-research/housing-data-tables/rental-market/rental-market-report-data-tables/2024/rmr-canada-2024-en.xlsx,Table 6.2
2025,Canada,turnover_premium_2br,16.2,2025-12-11,https://assets.cmhc-schl.gc.ca/sites/cmhc/professional/housing-markets-data-and-research/housing-data-tables/rental-market/rental-market-report-data-tables/2025/rmr-canada-2025-en.xlsx,Table 6.2
2024,Montreal,turnover_premium_2br,9.9,2024-12-17,https://assets.cmhc-schl.gc.ca/sites/cmhc/professional/housing-markets-data-and-research/housing-data-tables/rental-market/rental-market-report-data-tables/2024/rmr-canada-2024-en.xlsx,Table 6.2
2024,Ottawa,turnover_premium_2br,23.2,2024-12-17,https://assets.cmhc-schl.gc.ca/sites/cmhc/professional/housing-markets-data-and-research/housing-data-tables/rental-market/rental-market-report-data-tables/2024/rmr-canada-2024-en.xlsx,Table 6.2
2025,Ottawa,turnover_premium_2br,22.1,2025-12-11,https://assets.cmhc-schl.gc.ca/sites/cmhc/professional/housing-markets-data-and-research/housing-data-tables/rental-market/rental-market-report-data-tables/2025/rmr-canada-2025-en.xlsx,Table 6.2
2021,Canada,vacancy_rate,3.1,2022-02-02,https://assets.cmhc-schl.gc.ca/sites/cmhc/professional/housing-markets-data-and-research/housing-data-tables/rental-market/rental-market-report-data-tables/2021/rmr-canada-2021-en.xlsx,Table 1.0
2022,Canada,vacancy_rate,1.9,2023-01-26,https://assets.cmhc-schl.gc.ca/sites/cmhc/professional/housing-markets-data-and-research/housing-data-tables/rental-market/rental-market-report-data-tables/2022/rmr-canada-2022-en.xlsx,Table 1.0
2023,Canada,vacancy_rate,1.5,2024-01-31,https://assets.cmhc-schl.gc.ca/sites/cmhc/professional/housing-markets-data-and-research/housing-data-tables/rental-market/rental-market-report-data-tables/2023/rmr-canada-2023-en.xlsx,Table 1.0
2024,Canada,vacancy_rate,2.2,2024-12-17,https://assets.cmhc-schl.gc.ca/sites/cmhc/professional/housing-markets-data-and-research/housing-data-tables/rental-market/rental-market-report-data-tables/2024/rmr-canada-2024-en.xlsx,Table 1.0
2025,Canada,vacancy_rate,3.1,2025-12-11,https://assets.cmhc-schl.gc.ca/sites/cmhc/professional/housing-markets-data-and-research/housing-data-tables/rental-market/rental-market-report-data-tables/2025/rmr-canada-2025-en.xlsx,Table 1.0
2021,Montreal,vacancy_rate,3.0,2022-02-02,https://assets.cmhc-schl.gc.ca/sites/cmhc/professional/housing-markets-data-and-research/housing-data-tables/rental-market/rental-market-report-data-tables/2021/rmr-canada-2021-en.xlsx,Table 1.0
2022,Montreal,vacancy_rate,2.0,2023-01-26,https://assets.cmhc-schl.gc.ca/sites/cmhc/professional/housing-markets-data-and-research/housing-data-tables/rental-market/rental-market-report-data-tables/2022/rmr-canada-2022-en.xlsx,Table 1.0
2023,Montreal,vacancy_rate,1.5,2024-01-31,https://assets.cmhc-schl.gc.ca/sites/cmhc/professional/housing-markets-data-and-research/housing-data-tables/rental-market/rental-market-report-data-tables/2023/rmr-canada-2023-en.xlsx,Table 1.0
2024,Montreal,vacancy_rate,2.1,2024-12-17,https://assets.cmhc-schl.gc.ca/sites/cmhc/professional/housing-markets-data-and-research/housing-data-tables/rental-market/rental-market-report-data-tables/2024/rmr-canada-2024-en.xlsx,Table 1.0
2025,Montreal,vacancy_rate,2.9,2025-12-11,https://assets.cmhc-schl.gc.ca/sites/cmhc/professional/housing-markets-data-and-research/housing-data-tables/rental-market/rental-market-report-data-tables/2025/rmr-canada-2025-en.xlsx,Table 1.0
2021,Ottawa,vacancy_rate,3.4,2022-02-02,https://assets.cmhc-schl.gc.ca/sites/cmhc/professional/housing-markets-data-and-research/housing-data-tables/rental-market/rental-market-report-data-tables/2021/rmr-canada-2021-en.xlsx,Table 1.0
2022,Ottawa,vacancy_rate,2.1,2023-01-26,https://assets.cmhc-schl.gc.ca/sites/cmhc/professional/housing-markets-data-and-research/housing-data-tables/rental-market/rental-market-report-data-tables/2022/rmr-canada-2022-en.xlsx,Table 1.0
2023,Ottawa,vacancy_rate,2.1,2024-01-31,https://assets.cmhc-schl.gc.ca/sites/cmhc/professional/housing-markets-data-and-research/housing-data-tables/rental-market/rental-market-report-data-tables/2023/rmr-canada-2023-en.xlsx,Table 1.0
2024,Ottawa,vacancy_rate,2.6,2024-12-17,https://assets.cmhc-schl.gc.ca/sites/cmhc/professional/housing-markets-data-and-research/housing-data-tables/rental-market/rental-market-report-data-tables/2024/rmr-canada-2024-en.xlsx,Table 1.0
2025,Ottawa,vacancy_rate,3.0,2025-12-11,https://assets.cmhc-schl.gc.ca/sites/cmhc/professional/housing-markets-data-and-research/housing-data-tables/rental-market/rental-market-report-data-tables/2025/rmr-canada-2025-en.xlsx,Table 1.0
