month,geo,cpi_rent_index_2002_100
2015-01,ON,115.6
2015-02,ON,115.7
2015-03,ON,115.8
2015-04,ON,115.9
2015-05,ON,116.0
2015-06,ON,116.0
2015-07,ON,116.1
2015-08,ON,116.2
2015-09,ON,116.3
2015-10,ON,116.5
2015-11,ON,116.6
2015-12,ON,116.7
2016-01,ON,116.7
2016-02,ON,116.8
2016-03,ON,116.9
2016-04,ON,117.0
2016-05,ON,117.1
2016-06,ON,117.2
2016-07,ON,117.3
2016-08,ON,117.4
2016-09,ON,117.5
2016-10,ON,117.6
2016-11,ON,117.7
2016-12,ON,117.8
2017-01,ON,117.8
2017-02,ON,117.9
2017-03,ON,118.1
2017-04,ON,118.2
2017-05,ON,118.2
2017-06,ON,118.3
2017-07,ON,118.4
2017-08,ON,118.4
2017-09,ON,118.5
2017-10,ON,118.6
2017-11,ON,118.9
2017-12,ON,119.0
2018-01,ON,119.2
2018-02,ON,119.4
2018-03,ON,119.5
2018-04,ON,119.7
2018-05,ON,119.8
2018-06,ON,120.0
2018-07,ON,120.1
2018-08,ON,120.3
2018-09,ON,120.4
2018-10,ON,120.7
2018-11,ON,120.8
2018-12,ON,120.9
2019-01,ON,122.4
2019-02,ON,123.7
2019-03,ON,123.9
2019-04,ON,123.9
2019-05,ON,123.7
2019-06,ON,124.0
2019-07,ON,125.2
2019-08,ON,125.8
2019-09,ON,125.2
2019-10,ON,126.3
2019-11,ON,125.5
2019-12,ON,125.9
2020-01,ON,125.7
2020-02,ON,126.6
2020-03,ON,126.7
2020-04,ON,126.6
2020-05,ON,125.7
2020-06,ON,126.5
2020-07,ON,125.6
2020-08,ON,127.6
2020-09,ON,127.7
2020-10,ON,127.9
2020-11,ON,127.2
2020-12,ON,126.2
2021-01,ON,126.8
2021-02,ON,126.9
2021-03,ON,128.0
2021-04,ON,127.5
2021-05,ON,128.1
2021-06,ON,128.3
2021-07,ON,128.3
2021-08,ON,128.1
2021-09,ON,129.6
2021-10,ON,130.3
2021-11,ON,130.1
2021-12,ON,130.6
2022-01,ON,131.2
2022-02,ON,133.3
2022-03,ON,134.2
2022-04,ON,134.2
2022-05,ON,135.3
2022-06,ON,135.2
2022-07,ON,136.5
2022-08,ON,135.8
2022-09,ON,136.4
2022-10,ON,137.6
2022-11,ON,139.4
2022-12,ON,139.6
2023-01,ON,140.5
2023-02,ON,140.6
2023-03,ON,142.1
2023-04,ON,142.9
2023-05,ON,143.0
2023-06,ON,143.9
2023-07,ON,144.7
2023-08,ON,145.2
2023-09,ON,144.9
2023-10,ON,147.3
2023-11,ON,146.5
2023-12,ON,149.2
2024-01,ON,149.4
2024-02,ON,150.6
2024-03,ON,151.7
2024-04,ON,151.6
2024-05,ON,155.0
2024-06,ON,154.2
2024-07,ON,154.4
2024-08,ON,155.5
2024-09,ON,155.7
2024-10,ON,156.1
2024-11,ON,157.3
2024-12,ON,158.8
2025-01,ON,158.7
2025-02,ON,159.6
2025-03,ON,158.6
2025-04,ON,159.8
2025-05,ON,159.6
2025-06,ON,160.8
2025-07,ON,160.9
2025-08,ON,160.5
2025-09,ON,161.2
2025-10,ON,163.1
2025-11,ON,163.7
2025-12,ON,163.4
2026-01,ON,161.8
2026-02,ON,161.6
2026-03,ON,163.2
2026-04,ON,163.3
2026-05,ON,163.4
2026-06,ON,164.4
2026-07,ON,162.1
2026-08,ON,164.3
2015-01,QC,115.7
2015-02,QC,115.8
2015-03,QC,115.8
2015-04,QC,115.8
2015-05,QC,115.8
2015-06,QC,115.9
2015-07,QC,116.0
2015-08,QC,116.5
2015-09,QC,116.6
2015-10,QC,116.6
2015-11,QC,116.7
2015-12,QC,116.7
2016-01,QC,116.7
2016-02,QC,116.8
2016-03,QC,116.8
2016-04,QC,116.8
2016-05,QC,116.8
2016-06,QC,116.9
2016-07,QC,116.9
2016-08,QC,117.4
2016-09,QC,117.5
2016-10,QC,117.5
2016-11,QC,117.5
2016-12,QC,117.6
2017-01,QC,117.6
2017-02,QC,117.6
2017-03,QC,117.7
2017-04,QC,117.7
2017-05,QC,117.8
2017-06,QC,117.8
2017-07,QC,117.8
2017-08,QC,118.2
2017-09,QC,118.3
2017-10,QC,118.3
2017-11,QC,118.3
2017-12,QC,118.4
2018-01,QC,118.4
2018-02,QC,118.5
2018-03,QC,118.5
2018-04,QC,118.6
2018-05,QC,118.6
2018-06,QC,118.6
2018-07,QC,118.7
2018-08,QC,119.2
2018-09,QC,119.3
2018-10,QC,119.4
2018-11,QC,119.5
2018-12,QC,119.6
2019-01,QC,120.0
2019-02,QC,120.2
2019-03,QC,120.9
2019-04,QC,120.0
2019-05,QC,120.3
2019-06,QC,120.1
2019-07,QC,120.0
2019-08,QC,121.4
2019-09,QC,122.7
2019-10,QC,123.6
2019-11,QC,122.3
2019-12,QC,123.0
2020-01,QC,122.3
2020-02,QC,122.7
2020-03,QC,123.2
2020-04,QC,121.7
2020-05,QC,120.6
2020-06,QC,121.5
2020-07,QC,121.1
2020-08,QC,123.0
2020-09,QC,122.7
2020-10,QC,124.1
2020-11,QC,124.8
2020-12,QC,124.2
2021-01,QC,124.5
2021-02,QC,124.5
2021-03,QC,124.2
2021-04,QC,124.5
2021-05,QC,126.0
2021-06,QC,126.7
2021-07,QC,127.7
2021-08,QC,127.6
2021-09,QC,127.2
2021-10,QC,126.1
2021-11,QC,126.3
2021-12,QC,127.0
2022-01,QC,127.8
2022-02,QC,128.8
2022-03,QC,128.9
2022-04,QC,129.9
2022-05,QC,130.3
2022-06,QC,130.6
2022-07,QC,130.2
2022-08,QC,131.4
2022-09,QC,131.0
2022-10,QC,130.9
2022-11,QC,133.0
2022-12,QC,133.9
2023-01,QC,134.2
2023-02,QC,134.3
2023-03,QC,134.3
2023-04,QC,135.2
2023-05,QC,135.8
2023-06,QC,137.0
2023-07,QC,137.7
2023-08,QC,140.3
2023-09,QC,141.3
2023-10,QC,142.8
2023-11,QC,142.9
2023-12,QC,143.0
2024-01,QC,145.0
2024-02,QC,145.6
2024-03,QC,147.6
2024-04,QC,147.7
2024-05,QC,148.3
2024-06,QC,149.3
2024-07,QC,150.5
2024-08,QC,154.3
2024-09,QC,153.9
2024-10,QC,154.1
2024-11,QC,154.6
2024-12,QC,155.1
2025-01,QC,155.7
2025-02,QC,154.6
2025-03,QC,157.2
2025-04,QC,158.4
2025-05,QC,158.2
2025-06,QC,159.4
2025-07,QC,161.7
2025-08,QC,165.5
2025-09,QC,168.6
2025-10,QC,169.0
2025-11,QC,167.4
2025-12,QC,170.2
2026-01,QC,169.0
2026-02,QC,168.0
2026-03,QC,165.1
2026-04,QC,167.0
2026-05,QC,167.2
2026-06,QC,168.0
2026-07,QC,168.1
2026-08,QC,170.5
